,Item,Y1993,Y1994,Y1995,Y1996,Y1997,Y1998,Y1999,Y2000,Y2001,Y2002,Y2003,Y2004,Y2005,Y2006,Y2007,Y2008,Y2009,Y2010,Y2011,Y2012,Y2013,Y2014,Y2015,Y2016
0,"Almonds, with shell",1274531.0,1378881.0,1035328.0,1282796.0,1585330.0,1305347.0,1653005.0,1447013.0,1537159.0,1834084.0,1754031.0,1587152.0,1818627.0,2056529.0,1660512.0,1805364.0,1817258.0,1897147.0,2094552.0,2022028.0,2012664.0,1932524.0,2014441.0,2140435.0
1,"Anise, badian, fennel, coriander",406779.0,298774.0,306422.0,332334.0,367941.0,435597.0,404999.0,382115.0,478803.0,494460.0,569379.0,567657.0,555647.0,585867.0,697053.0,713523.0,726952.0,825987.0,952177.0,922242.0,906215.0,997174.0,1078437.0,1198701.0
2,Apples,47655404.0,46397563.0,48781139.0,54270956.0,55926127.0,54865106.0,56916384.0,59045143.0,57059764.0,55237272.0,58039143.0,62156748.0,61818811.0,63151990.0,65509717.0,68863023.0,71531316.0,71069025.0,76952833.0,78480484.0,82727498.0,85377416.0,82304276.0,85099119.0
3,Apricots,2290295.0,2510871.0,2080924.0,2558283.0,2402375.0,2497260.0,2636373.0,2856988.0,2636657.0,2610798.0,2888827.0,2778248.0,3622000.0,3457669.0,3289698.0,3680140.0,3752685.0,3302335.0,3813857.0,3861919.0,4092172.0,3337712.0,3959040.0,3761496.0
4,Areca nuts,541245.0,574683.0,622813.0,635873.0,648151.0,710552.0,698689.0,727453.0,767094.0,832938.0,874014.0,916245.0,956755.0,1025100.0,1056485.0,1074442.0,1102135.0,1081506.0,1096126.0,1340932.0,1166137.0,1191271.0,1348894.0,1319815.0
5,Artichokes,1170458.0,1207993.0,1161779.0,1135839.0,1256411.0,1250776.0,1245908.0,1330461.0,1259163.0,1278280.0,1279446.0,1368940.0,1283433.0,1422836.0,1495017.0,1500901.0,1524161.0,1480363.0,1528100.0,1615474.0,1609046.0,1574887.0,1454379.0,1422247.0
6,Asparagus,2699510.0,2921779.0,3005812.0,3321796.0,3501494.0,3654790.0,3960945.0,4640820.0,4966941.0,5751718.0,6271754.0,6620692.0,6705637.0,6930938.0,7092366.0,7215274.0,7363816.0,7486945.0,8190106.0,8282237.0,7934556.0,7843695.0,8576057.0,8760402.0
7,Avocados,1977006.0,2088112.0,2137249.0,2235180.0,2199346.0,2370725.0,2467898.0,2699968.0,2755453.0,2935026.0,3111775.0,3152836.0,3339559.0,3558119.0,3503502.0,3350041.0,3813452.0,3781197.0,4070598.0,4314543.0,4541077.0,4944512.0,5197484.0,5527240.0
8,Bambara beans,87072.0,92775.0,127706.0,84293.0,56263.0,71086.0,81474.0,61620.0,73923.0,80731.0,92453.0,75618.0,97633.0,103047.0,100624.0,136900.0,135894.0,151785.0,135636.0,155981.0,157247.0,155341.0,162817.0,163279.0
9,Bananas,56368506.0,58041486.0,58735581.0,58013868.0,62748007.0,64894456.0,69925915.0,67205900.0,70051117.0,72911935.0,74936365.0,79394359.0,83656133.0,88644981.0,94411449.0,98758338.0,103417274.0,108660761.0,109405707.0,109338881.0,112232224.0,112796866.0,115107354.0,112597029.0
10,Barley,166344124.0,157333400.0,138285305.0,153004062.0,152690257.0,135593838.0,126421015.0,131583522.0,139108487.0,139508795.0,135227768.0,154828063.0,135262699.0,142982946.0,129715485.0,152325820.0,149509911.0,122136281.0,131597588.0,131109323.0,142384190.0,143418296.0,145595397.0,143929489.0
11,"Beans, dry",16457557.0,17600095.0,17775819.0,17091787.0,16509840.0,16595672.0,17938005.0,17825998.0,18463649.0,20116485.0,21354459.0,18644580.0,19263787.0,21163756.0,21730860.0,21885878.0,21984442.0,24627300.0,24062137.0,24442501.0,24932531.0,26791153.0,27605894.0,28776444.0
12,"Beans, green",6798331.0,6900082.0,8503154.0,8776246.0,8878028.0,9090856.0,9526102.0,9811924.0,10895336.0,11645916.0,12825287.0,13732802.0,15421924.0,17194750.0,17998864.0,18935490.0,19122644.0,19764561.0,20125938.0,20860068.0,21346191.0,21707373.0,23311165.0,23577151.0
13,Blueberries,143247.0,133923.0,156819.0,158339.0,174143.0,158224.0,205410.0,211143.0,230986.0,201297.0,216602.0,230593.0,242300.0,266801.0,266389.0,314896.0,339516.0,327866.0,363776.0,403625.0,434522.0,525648.0,539216.0,621717.0
14,"Broad beans, horse beans, dry",3522276.0,3619076.0,3602262.0,3673164.0,3412385.0,3784118.0,3546075.0,3777410.0,4148176.0,4325359.0,4536877.0,4306861.0,4434649.0,4079646.0,3880866.0,4272420.0,4288037.0,4325876.0,4564078.0,4436390.0,4439217.0,4237450.0,4303711.0,4465333.0
15,Buckwheat,4257561.0,3772502.0,3464679.0,3271629.0,3694888.0,3096291.0,2789384.0,3780715.0,2589725.0,1829519.0,2569059.0,2290526.0,2080357.0,1940299.0,2378551.0,2219882.0,1800380.0,1454381.0,2367844.0,2262821.0,2263615.0,1924825.0,2935513.0,3001235.0
16,Cabbages and other brassicas,42199154.0,42362347.0,44873629.0,48119279.0,48834404.0,49689820.0,53016972.0,75046220.0,71248874.0,68315680.0,67808217.0,66349407.0,65076049.0,64259696.0,62282412.0,64881153.0,65452500.0,65456413.0,69741513.0,67593652.0,68617376.0,70930555.0,70405619.0,70852905.0
17,Canary seed,204372.0,300753.0,216382.0,347375.0,168783.0,307289.0,217034.0,215063.0,150073.0,225499.0,300208.0,377926.0,296417.0,193605.0,216630.0,257834.0,254878.0,211127.0,201916.0,222475.0,195412.0,234928.0,232233.0,220434.0
18,Carrots and turnips,16157389.0,16627705.0,17449142.0,18935944.0,20023297.0,20035265.0,20839381.0,21954325.0,22236032.0,23092511.0,25213608.0,26222932.0,27654131.0,29052678.0,30514664.0,33882409.0,34549059.0,34962602.0,36568808.0,37292645.0,38068577.0,38693119.0,40551168.0,41959372.0
19,"Cashew nuts, with shell",1044903.0,1182348.0,1291117.0,1385416.0,1518676.0,1424514.0,1850006.0,2067632.0,2079108.0,2368404.0,2600036.0,2918385.0,3216322.0,3532697.0,3715661.0,4013015.0,4058758.0,3984222.0,4154058.0,3943700.0,3802263.0,3689275.0,4404626.0,4016884.0
20,Cashewapple,1850499.0,1705000.0,1759788.0,1813932.0,1868000.0,1623752.0,1675566.0,1780211.0,1730985.0,1788139.0,1789666.0,1798095.0,1841450.0,1849605.0,1938901.0,1976894.0,2009193.0,1998640.0,2023560.0,1986186.0,1963758.0,1922557.0,1747733.0,1589212.0
21,Cassava,163185200.0,164501122.0,161787472.0,158373489.0,161747292.0,162613418.0,168847319.0,175846841.0,181687058.0,182642727.0,192215571.0,203831954.0,206533773.0,223636616.0,226974275.0,230081674.0,233794346.0,239296357.0,251822205.0,277683210.0,278454322.0,292053387.0,295243492.0,296042725.0
22,Cauliflowers and broccoli,10667644.0,12186763.0,12646701.0,13910151.0,14539736.0,14384280.0,14981934.0,15948102.0,15964374.0,16697656.0,17370821.0,17918840.0,17514873.0,18741679.0,19310357.0,19925197.0,20854876.0,21212255.0,21943248.0,22629789.0,23360206.0,24492031.0,24370491.0,25032026.0
23,Cherries,1700465.0,1623627.0,1623676.0,1791313.0,1633115.0,1633052.0,1819022.0,1895479.0,1813267.0,2090775.0,1713256.0,1691567.0,1838475.0,1897749.0,1984511.0,1849902.0,2151349.0,1992014.0,2148920.0,2180464.0,2269355.0,2147357.0,2223488.0,2352707.0
24,"Cherries, sour",1212010.0,986431.0,1027263.0,1156139.0,1075835.0,990154.0,982144.0,1115407.0,1119486.0,969550.0,1129579.0,1231816.0,1148705.0,1136300.0,1184928.0,1212121.0,1330845.0,1125466.0,1245658.0,1152626.0,1376943.0,1324127.0,1331434.0,1394818.0
25,Chestnut,637504.0,691159.0,676032.0,676694.0,788279.0,832532.0,886276.0,940661.0,946127.0,1040280.0,1133821.0,1267017.0,1368045.0,1495816.0,1604453.0,1796044.0,1906429.0,1999179.0,2036661.0,2055556.0,2089491.0,2055035.0,2046543.0,2281270.0
26,Chick peas,6751134.0,7148155.0,9168734.0,8107157.0,8338746.0,8871238.0,9466201.0,8039000.0,6941217.0,8439367.0,7051435.0,8466274.0,8479388.0,8438143.0,9686938.0,8648857.0,10409197.0,10854559.0,11614720.0,11516690.0,13262218.0,13353915.0,11000039.0,11265236.0
27,"Chillies and peppers, dry",1928416.0,1823070.0,1907773.0,2196003.0,2061066.0,2252326.0,2369387.0,2463059.0,2471339.0,2352856.0,2718388.0,2739957.0,2724771.0,2847409.0,2973602.0,3064275.0,3045907.0,3084668.0,3183750.0,3373149.0,3579470.0,3693349.0,4008317.0,4059707.0
28,"Chillies and peppers, green",12145535.0,12889604.0,13948453.0,16268272.0,17177459.0,18388328.0,19315964.0,20745811.0,21295749.0,22422759.0,24210794.0,24505794.0,25238860.0,26563517.0,27263149.0,27945669.0,28584107.0,29494761.0,30081611.0,30773609.0,31093558.0,31927512.0,32964297.0,34387084.0
29,Cloves,89594.0,102221.0,108402.0,87681.0,81718.0,92950.0,80438.0,86033.0,99899.0,107386.0,153071.0,110207.0,105057.0,88810.0,109296.0,99628.0,110807.0,127526.0,102878.0,130774.0,143237.0,163117.0,183009.0,182822.0
30,"Cocoa, beans",2672285.0,2671270.0,2985766.0,3237672.0,3017084.0,3302839.0,2975445.0,3338448.0,3222553.0,3298204.0,3705195.0,4069809.0,4044042.0,4299998.0,3899064.0,4266012.0,4211425.0,4329437.0,4614870.0,4613417.0,4484826.0,4710254.0,4791741.0,4659027.0
31,Coconuts,47116507.0,48615762.0,50406746.0,49444196.0,50144764.0,49006290.0,49343378.0,51225620.0,51972109.0,53566980.0,54282133.0,54960181.0,57425984.0,57930985.0,61923706.0,60359209.0,61266623.0,60104773.0,58444933.0,61876445.0,62070020.0,60987913.0,59235232.0,59437528.0
32,"Coffee, green",5554947.0,5722718.0,5529156.0,6197691.0,6072140.0,6632659.0,6790804.0,7502036.0,7379889.0,7930086.0,7038779.0,7862163.0,7390107.0,8147327.0,8137938.0,8489999.0,7793353.0,8477504.0,8387161.0,8822843.0,8893439.0,8800135.0,8872744.0,9319853.0
33,Cotton lint,16664480.0,18384026.0,19754052.0,19377186.0,19119912.0,18186471.0,18224697.0,18542579.0,20910697.0,18854043.0,19446792.0,24513888.0,24390376.0,25596430.0,25170735.0,22561327.0,21052236.0,23834561.0,26438156.0,26712898.0,24773485.0,0.0,0.0,0.0
34,Cottonseed,29903331.0,33209317.0,35617378.0,34432659.0,34036765.0,32543520.0,33206272.0,33276684.0,37729433.0,33717501.0,35039529.0,44391042.0,43734281.0,44567052.0,46311010.0,42097487.0,38729069.0,43274200.0,48900367.0,49051499.0,45552341.0,0.0,0.0,0.0
35,Cranberries,221268.0,260562.0,244193.0,255740.0,305513.0,305204.0,348338.0,318594.0,300256.0,329228.0,365680.0,372299.0,377166.0,425924.0,410387.0,486141.0,466633.0,465706.0,534748.0,593960.0,627906.0,638552.0,638694.0,736778.0
36,Cucumbers and gherkins,20231191.0,21647683.0,23427072.0,25518318.0,27336803.0,28580824.0,30718873.0,37777238.0,39250853.0,42482458.0,43192654.0,42870997.0,45774266.0,49461165.0,53856913.0,58171280.0,60428794.0,62350957.0,67681853.0,70567622.0,73019288.0,75906332.0,78467020.0,80304450.0
37,Currants,691580.0,646039.0,632516.0,672696.0,613161.0,635503.0,636369.0,692235.0,735877.0,731074.0,774690.0,780355.0,764601.0,776300.0,715278.0,675191.0,689476.0,637155.0,637838.0,642622.0,683821.0,633576.0,627097.0,661687.0
38,Dates,4386303.0,4566438.0,4847271.0,5015249.0,5085238.0,5729451.0,5944842.0,6436659.0,6656156.0,6715459.0,6744881.0,6621292.0,6547812.0,6767750.0,6959941.0,7014492.0,7179336.0,7523212.0,7259030.0,7425626.0,7513572.0,7493348.0,7907617.0,8058971.0
39,Eggplants (aubergines),15271961.0,15874966.0,18333584.0,20182345.0,20883794.0,23410990.0,26772131.0,27608319.0,27235289.0,29633605.0,29671595.0,30953976.0,32032694.0,32990812.0,37585674.0,39756031.0,43425608.0,44029612.0,44963836.0,46898218.0,48833055.0,49896241.0,50492361.0,51133080.0
40,Fibre crops nes,232834.0,247054.0,271257.0,281059.0,306182.0,298312.0,296305.0,271375.0,279787.0,280812.0,288673.0,281908.0,285656.0,316991.0,298049.0,272549.0,263517.0,275415.0,281327.0,283708.0,285331.0,285548.0,281454.0,279564.0
41,Figs,1043555.0,1052412.0,1106444.0,1047555.0,1033253.0,1053923.0,1094448.0,988545.0,921842.0,1017628.0,984446.0,1007887.0,1083055.0,1175038.0,1016652.0,1048406.0,1136772.0,1062603.0,1061116.0,1051486.0,1126568.0,1141602.0,1166552.0,1076701.0
42,Flax fibre and tow,693578.0,842508.0,1004890.0,817956.0,675777.0,642144.0,767118.0,823703.0,840716.0,1208092.0,1222404.0,1460236.0,1508925.0,1108739.0,908022.0,977843.0,661296.0,604197.0,486634.0,715740.0,678214.0,765674.0,749418.0,815434.0
43,Fonio,206916.0,192264.0,213958.0,218267.0,223016.0,236238.0,258138.0,309958.0,312664.0,318391.0,328270.0,338413.0,371117.0,366858.0,372624.0,483327.0,505183.0,559875.0,581749.0,575721.0,610353.0,628549.0,643285.0,638873.0
44,"Fruit, fresh nes",16598839.0,17221948.0,18221409.0,19304954.0,20240212.0,23264996.0,22693630.0,22234568.0,23266311.0,23799299.0,24438905.0,23475619.0,24973331.0,26069929.0,25862016.0,27270293.0,27906292.0,28282790.0,29301163.0,30554593.0,31482301.0,32271457.0,32672694.0,33094030.0
45,"Fruit, tropical fresh nes",11807862.0,12621603.0,13727188.0,15028879.0,12699535.0,12361724.0,12734627.0,14629361.0,15121216.0,16474208.0,17541869.0,18638816.0,18332497.0,18366503.0,19032878.0,19128072.0,20238989.0,20227441.0,20861518.0,22559163.0,23284727.0,23841978.0,23925369.0,24368323.0
46,Garlic,7490754.0,7677950.0,8440939.0,8953635.0,8919328.0,9116926.0,9673258.0,11060548.0,11452472.0,12544497.0,13668169.0,14450652.0,15044517.0,15312784.0,20105534.0,22774760.0,22065626.0,22569413.0,23081890.0,23401836.0,24243490.0,25022284.0,26999977.0,27245964.0
47,Ginger,671964.0,686951.0,762752.0,857721.0,906853.0,991689.0,1035879.0,1046326.0,1140780.0,1216448.0,1274655.0,1256777.0,1393652.0,1499212.0,1609080.0,1624389.0,1670252.0,1718502.0,2365016.0,2461622.0,2442095.0,2270295.0,2599269.0,3171518.0
48,Gooseberries,191030.0,179252.0,183470.0,182410.0,167491.0,174635.0,183243.0,192344.0,192518.0,165218.0,172184.0,182960.0,181754.0,180313.0,179756.0,167046.0,168385.0,159957.0,167509.0,167714.0,170628.0,175125.0,167882.0,178202.0
49,"Grain, mixed",4697917.0,4417137.0,5229335.0,5057550.0,5654904.0,5628152.0,5151707.0,4300246.0,5173714.0,4930832.0,4748438.0,5483167.0,4938449.0,4423775.0,5156803.0,4518817.0,4791373.0,4174015.0,4215737.0,4774571.0,3831825.0,3748146.0,2950985.0,3027941.0
50,Grapefruit (inc. pomelos),4971708.0,4836536.0,5289766.0,5304373.0,5543542.0,5208006.0,5262461.0,5770226.0,5460538.0,5384869.0,5305425.0,5421050.0,4554883.0,4947032.0,7136240.0,7494671.0,7525783.0,7576489.0,7926267.0,8239943.0,8491497.0,8323843.0,8873921.0,8968835.0
51,Grapes,55163165.0,53826361.0,55150180.0,58363440.0,57650114.0,56132664.0,60201728.0,63229032.0,60572574.0,60967422.0,62756937.0,66903795.0,66643849.0,66675808.0,66165068.0,66463687.0,67684075.0,66819502.0,69566211.0,68795052.0,76667910.0,74538734.0,75961277.0,74618830.0
52,"Hazelnuts, with shell",498182.0,717343.0,678242.0,648627.0,631924.0,802002.0,780684.0,675815.0,878316.0,835577.0,688117.0,616103.0,758938.0,961591.0,811685.0,1068185.0,772966.0,854743.0,744976.0,924338.0,869504.0,708501.0,933239.0,743954.0
53,Hops,148750.0,127684.0,138304.0,141985.0,132251.0,118204.0,119550.0,121349.0,125918.0,125629.0,113956.0,119119.0,118916.0,111625.0,126347.0,142051.0,141672.0,126113.0,128066.0,112221.0,117843.0,133082.0,132661.0,142730.0
54,Jute,2685025.0,2698787.0,2416455.0,2987748.0,3203689.0,2636449.0,2594932.0,2664840.0,2932839.0,2863484.0,2799557.0,2564017.0,2764732.0,2870621.0,2823396.0,2690097.0,3044846.0,2828732.0,3582789.0,3453600.0,3418366.0,3396151.0,3260285.0,3311153.0
55,Kapokseed in shell,266275.0,266793.0,288545.0,305580.0,307970.0,303875.0,307652.0,342566.0,342212.0,331859.0,356146.0,281331.0,262545.0,263747.0,231285.0,230730.0,234138.0,220087.0,271283.0,271283.0,266438.0,269000.0,0.0,0.0
56,Karite nuts (sheanuts),639348.0,669042.0,719419.0,673460.0,692385.0,686273.0,684968.0,698608.0,694019.0,688643.0,731740.0,732905.0,717625.0,640410.0,777433.0,732735.0,642221.0,638890.0,679692.0,710443.0,672302.0,546868.0,551065.0,672768.0
57,Kiwi fruit,903988.0,947498.0,915866.0,976191.0,902199.0,913541.0,944581.0,1888159.0,1981998.0,2037573.0,2019320.0,2301972.0,2339791.0,2511397.0,2549312.0,2745006.0,2792539.0,2837310.0,2908198.0,3052348.0,3460220.0,3652528.0,4101274.0,4323338.0
58,Kola nuts,255284.0,214295.0,198036.0,195477.0,213806.0,228399.0,217606.0,218003.0,219002.0,220432.0,206135.0,217029.0,223147.0,213290.0,231347.0,253162.0,296037.0,280308.0,278231.0,275864.0,269180.0,298386.0,292324.0,274155.0
59,"Leeks, other alliaceous vegetables",1648145.0,1670984.0,1698277.0,1651994.0,1601231.0,1581186.0,1704210.0,1633460.0,1564885.0,1588325.0,1700742.0,1863310.0,2004369.0,2098700.0,2028406.0,2081655.0,2093019.0,2099387.0,2133471.0,2189396.0,2193433.0,2214441.0,2103149.0,2122023.0
60,Lemons and limes,8097154.0,8052192.0,8169916.0,8689841.0,9153793.0,9209721.0,9958509.0,10809304.0,11506566.0,11920240.0,12366187.0,12267603.0,12321069.0,13469227.0,16055208.0,16822734.0,16404743.0,14697487.0,15032605.0,15001402.0,15408737.0,15860327.0,16939990.0,16915587.0
61,Lentils,2792956.0,2816428.0,2871076.0,2773705.0,2772850.0,2807410.0,2947115.0,3391758.0,3146183.0,2992254.0,3001772.0,3663284.0,3918365.0,3620428.0,3221996.0,2833688.0,3857453.0,4722441.0,4450268.0,4487439.0,5191151.0,4698428.0,5492798.0,6555409.0
62,Lettuce and chicory,13252337.0,14260171.0,14328131.0,15333876.0,16401135.0,16146250.0,17188477.0,18394904.0,18835797.0,20278859.0,21465120.0,22531291.0,22584152.0,23614421.0,23755847.0,23842507.0,24197469.0,24687531.0,25118904.0,25734108.0,24636825.0,24969378.0,26030973.0,26666725.0
63,Linseed,2156678.0,2437719.0,2472354.0,2423579.0,2244574.0,2703733.0,2685761.0,1986850.0,1830198.0,1870656.0,2009193.0,1846775.0,2698775.0,2513032.0,1657877.0,1988056.0,2157605.0,1812064.0,2134520.0,2024278.0,2272931.0,2653802.0,3148600.0,2931682.0
64,Maize,475086400.0,565905755.0,514289135.0,581956527.0,579515770.0,610007861.0,602805322.0,587452561.0,609601778.0,598522545.0,640087011.0,724077699.0,709454219.0,703766756.0,787916012.0,824392046.0,815377916.0,847146665.0,880563485.0,869119622.0,1009455318.0,1033192796.0,1046779217.0,1094925813.0
65,"Maize, green",7280043.0,8644970.0,8329858.0,8434600.0,8602234.0,8915888.0,8957663.0,9638925.0,10093135.0,10158173.0,10502768.0,10474895.0,10491769.0,10517090.0,10627555.0,10965844.0,11101341.0,10493861.0,10690887.0,10869064.0,10986824.0,11917511.0,12453002.0,18830062.0
66,"Mangoes, mangosteens, guavas",19960783.0,21854907.0,23001392.0,22790543.0,23916261.0,22878805.0,23746355.0,24914495.0,25089366.0,26395598.0,29951983.0,29848717.0,31899513.0,34130638.0,35305613.0,36641900.0,35875272.0,38029035.0,40541577.0,42997033.0,45784822.0,47699193.0,48224834.0,48438864.0
67,Manila fibre (abaca),81828.0,84271.0,85100.0,94509.0,92723.0,97471.0,99856.0,95656.0,100049.0,91197.0,99922.0,107280.0,105311.0,99928.0,100503.0,102397.0,100117.0,101643.0,104666.0,104784.0,102062.0,105907.0,107094.0,106610.0
68,Mat√©,512810.0,526152.0,571796.0,549077.0,654801.0,777673.0,846638.0,872266.0,1024875.0,935115.0,875744.0,731926.0,768911.0,800563.0,815974.0,749248.0,748351.0,766518.0,774524.0,821534.0,842650.0,958411.0,990103.0,1003390.0
69,"Melons, other (inc.cantaloupes)",15558487.0,15947883.0,16239710.0,17338614.0,16279853.0,17394739.0,18832773.0,19841072.0,24355917.0,25824225.0,25152106.0,25685134.0,27456471.0,28442082.0,29288914.0,30726079.0,27232238.0,32284962.0,32345324.0,28617299.0,29714595.0,30133459.0,29941311.0,31311144.0
70,Millet,26511264.0,28046582.0,25817152.0,28592158.0,27456161.0,29077446.0,27318972.0,27671278.0,28903261.0,23955647.0,34820102.0,29637858.0,30998412.0,31997158.0,33666066.0,34398062.0,25912257.0,32799273.0,27051799.0,26638155.0,26427236.0,28448562.0,28217930.0,27656037.0
71,Mushrooms and truffles,2466478.0,2677001.0,2772959.0,2952980.0,3129850.0,3600739.0,3935960.0,4185792.0,4500125.0,4696921.0,4892581.0,5257980.0,5267059.0,5509894.0,5911707.0,6898876.0,7200537.0,7397017.0,8483140.0,9645778.0,9271935.0,9933663.0,10710003.0,9816964.0
72,Mustard seed,483454.0,552297.0,487472.0,476370.0,535557.0,552825.0,634937.0,503695.0,398454.0,522482.0,704615.0,796707.0,572578.0,464544.0,417199.0,544150.0,704078.0,623519.0,588977.0,474087.0,524886.0,681813.0,533775.0,684998.0
73,"Nutmeg, mace and cardamoms",62846.0,63387.0,63775.0,70089.0,70365.0,63726.0,56229.0,67665.0,71889.0,78883.0,84397.0,77074.0,80161.0,86213.0,80570.0,89256.0,70955.0,66670.0,74052.0,91306.0,97315.0,106986.0,107055.0,124424.0
74,Oats,35720963.0,33732214.0,28728318.0,31052428.0,32084178.0,26188326.0,24258380.0,26105803.0,26933058.0,25877130.0,25455973.0,26756966.0,23234309.0,23528545.0,24953513.0,26114181.0,23255649.0,19683197.0,22587237.0,21197783.0,23802345.0,22807412.0,23309074.0,23646691.0
75,"Oil, palm",14155115.0,14719162.0,15935864.0,17009521.0,18279798.0,18206018.0,20724971.0,22216169.0,24823746.0,26124647.0,28665433.0,30049419.0,32254707.0,39408195.0,39762987.0,42352911.0,43871702.0,45781555.0,50349524.0,52375870.0,55219557.0,0.0,0.0,0.0
76,Oilseeds nes,1508878.0,1689296.0,1706396.0,1690479.0,1841798.0,1740709.0,1868037.0,1918175.0,2130601.0,2121001.0,2106542.0,2251117.0,2351630.0,2513807.0,2465774.0,2650473.0,2835265.0,2849689.0,3327605.0,3621751.0,3728038.0,4064204.0,4370228.0,4515107.0
77,Olives,10929163.0,11389433.0,10166411.0,15326647.0,15050451.0,14746572.0,14026433.0,15482524.0,15280483.0,15808625.0,18362904.0,17895931.0,15866348.0,18563271.0,16915062.0,17683200.0,18904163.0,20298207.0,21138655.0,17564758.0,21949162.0,16098206.0,20487843.0,20237231.0
78,"Onions, dry",34691346.0,36277713.0,39768963.0,41043278.0,40907613.0,45623357.0,48858891.0,50078646.0,51976805.0,52664838.0,56308849.0,62380599.0,65678343.0,68071929.0,73693629.0,74939430.0,74357875.0,79120301.0,85188040.0,82484571.0,84580816.0,89154326.0,91385581.0,94848078.0
79,"Onions, shallots, green",3030009.0,3294674.0,3302567.0,3306316.0,3389783.0,3334896.0,3638872.0,3702498.0,4065307.0,4230769.0,4218545.0,4524227.0,4332469.0,4711872.0,4674257.0,4830201.0,4805953.0,4723366.0,4900546.0,5128345.0,5288618.0,5037144.0,5040348.0,5223475.0
80,Oranges,55464948.0,54707718.0,58372281.0,60655708.0,65530290.0,61570584.0,61647881.0,63782600.0,60072354.0,62006875.0,59817709.0,64912817.0,63108189.0,65372537.0,65241761.0,69280902.0,68381116.0,70539373.0,72384470.0,70338911.0,73106067.0,72347184.0,72454957.0,73351278.0
81,Papayas,5015806.0,5475193.0,5691576.0,5440483.0,6434889.0,6682835.0,6898887.0,7212716.0,8599123.0,8478009.0,8214692.0,8705836.0,8255387.0,9118904.0,9633561.0,10073726.0,10591473.0,10784711.0,11297339.0,12036410.0,12360229.0,12700000.0,12139038.0,13041126.0
82,Peaches and nectarines,10868988.0,11621750.0,10918597.0,11726530.0,11139907.0,11469698.0,13300017.0,13267264.0,13909630.0,14808349.0,15424447.0,16690748.0,18023486.0,18374927.0,19503125.0,19703364.0,20424036.0,20520088.0,21272323.0,21268784.0,21839522.0,22487125.0,23865176.0,24490214.0
83,Pears,10473810.0,11304826.0,12471747.0,13450070.0,14084460.0,14846853.0,15382279.0,16261612.0,16397162.0,16898390.0,17568134.0,18433087.0,19367716.0,19940611.0,20954079.0,21136253.0,22462908.0,22550117.0,24054743.0,24303345.0,25316412.0,26009852.0,24612552.0,23668758.0
84,"Peas, dry",14814037.0,14321457.0,11468636.0,10846027.0,12150929.0,12386842.0,10950321.0,10704174.0,10344718.0,9609049.0,9875860.0,11736056.0,11273228.0,9769805.0,9100631.0,9719703.0,10371774.0,10320503.0,10259988.0,10558825.0,11232890.0,11671769.0,11855758.0,14663249.0
85,"Peas, green",7724176.0,8838349.0,9355259.0,9169387.0,10000961.0,10731265.0,11399326.0,12182833.0,12404426.0,11776346.0,12390765.0,12646748.0,13154165.0,14093052.0,14675189.0,14919520.0,15740754.0,15981334.0,16965423.0,17060441.0,17424087.0,17439911.0,19428324.0,19857264.0
86,Pepper (piper spp.),243548.0,224636.0,238479.0,240435.0,237286.0,258685.0,304940.0,315081.0,359405.0,398981.0,421773.0,426979.0,446974.0,467243.0,461811.0,446043.0,457981.0,418346.0,419450.0,414340.0,434875.0,460677.0,508889.0,550018.0
87,Persimmons,1332269.0,1476140.0,1609047.0,1687312.0,1825846.0,2070936.0,2284502.0,2430449.0,2505019.0,2726266.0,2783854.0,2950106.0,3324263.0,3406399.0,3736791.0,3985819.0,4092705.0,4078864.0,4485019.0,4823046.0,4907241.0,5217694.0,5280422.0,5388644.0
88,Pineapples,13116261.0,12952156.0,13067705.0,12867733.0,13299532.0,13207908.0,14899877.0,15106683.0,15648088.0,15786568.0,16124064.0,16737318.0,17781417.0,19829435.0,20087369.0,19746712.0,20366898.0,21438253.0,22923612.0,24127632.0,24663901.0,25407166.0,25834623.0,25992319.0
89,Pistachios,397809.0,345408.0,394981.0,436238.0,342587.0,514410.0,303240.0,549798.0,295602.0,518279.0,472593.0,442412.0,515346.0,664674.0,749468.0,525192.0,553822.0,718150.0,624148.0,759450.0,679231.0,886109.0,856440.0,1166766.0
90,Plantains and others,28562377.0,29416248.0,29542695.0,30360302.0,30531972.0,30498453.0,29975625.0,31250206.0,32686290.0,32754575.0,33045596.0,33322097.0,33900095.0,34529437.0,35599280.0,30537334.0,30881406.0,33387704.0,33945501.0,35151865.0,36410658.0,38945453.0,39604471.0,38564119.0
91,Plums and sloes,6180793.0,6265898.0,6157123.0,7807448.0,7754399.0,7377217.0,8021957.0,8368765.0,8472571.0,8356453.0,9777668.0,9467175.0,9798639.0,10486757.0,9522862.0,10126221.0,10743032.0,10662823.0,10997873.0,10814609.0,11258695.0,11374308.0,11599703.0,11840460.0
92,Poppy seed,24078.0,51540.0,74109.0,30995.0,44123.0,72612.0,83188.0,45143.0,58029.0,52334.0,88054.0,67244.0,76128.0,84220.0,65521.0,87163.0,97538.0,96486.0,105631.0,48049.0,67953.0,81420.0,100138.0,83599.0
93,Potatoes,304512159.0,270024324.0,285126635.0,310282414.0,300875760.0,297596075.0,295854998.0,322563403.0,305266248.0,309555004.0,307360615.0,327938520.0,317429206.0,296857987.0,313964640.0,329134686.0,333871945.0,332345158.0,373390841.0,368141105.0,373795249.0,380003959.0,376330023.0,373996819.0
94,"Pumpkins, squash and gourds",13007461.0,13086146.0,13863544.0,14841917.0,15302492.0,15641850.0,15810304.0,17236618.0,17747468.0,19018892.0,20111519.0,20532259.0,20151591.0,20578975.0,21293464.0,21596731.0,22257964.0,22725598.0,23619229.0,23867917.0,24478112.0,25066010.0,25335726.0,26485439.0
95,"Pyrethrum, dried",19541.0,17647.0,14231.0,11363.0,9448.0,10456.0,13816.0,11980.0,12039.0,12735.0,11432.0,11135.0,11434.0,13237.0,4835.0,5494.0,4300.0,5477.0,7459.0,8493.0,8982.0,10035.0,9145.0,9157.0
96,Quinces,343326.0,349256.0,331545.0,366382.0,365218.0,394344.0,411838.0,426311.0,433725.0,441751.0,458239.0,429592.0,471250.0,465839.0,488424.0,479289.0,511209.0,535995.0,570218.0,600811.0,645587.0,628626.0,669360.0,633630.0
97,Quinoa,36779.0,36456.0,32995.0,40123.0,50358.0,49400.0,51849.0,52626.0,45886.0,54846.0,55540.0,52326.0,58443.0,57962.0,59115.0,57777.0,74353.0,79636.0,84198.0,97410.0,117719.0,186147.0,193822.0,148720.0
98,Rapeseed,26224289.0,29723923.0,34130999.0,30419295.0,34949642.0,35679363.0,43142372.0,39549759.0,35975203.0,35313288.0,35873921.0,46439206.0,49889019.0,48661173.0,50573097.0,56872723.0,62207211.0,59844904.0,62785706.0,62715884.0,73091851.0,74453956.0,70192501.0,68083331.0
99,"Rubber, natural",5605261.0,5820598.0,6077753.0,6345760.0,6512853.0,6568418.0,6732481.0,7094492.0,7483208.0,7718894.0,8410302.0,9260420.0,9522638.0,10371993.0,10603048.0,10750754.0,10269543.0,10839417.0,11593523.0,12663063.0,13005460.0,13262950.0,13272693.0,13496688.0
100,Rye,27455841.0,22861811.0,23192834.0,23058335.0,25307005.0,21103692.0,20197808.0,20108175.0,23326341.0,20915394.0,14596074.0,17673810.0,15147151.0,12639092.0,15164583.0,18071049.0,18206526.0,11923832.0,13093640.0,14485844.0,16650252.0,15237083.0,13745361.0,13366554.0
101,Sesame seed,2266971.0,2327494.0,2520663.0,2823585.0,2489515.0,2426099.0,2642533.0,2858932.0,3056722.0,2808685.0,3092303.0,3358050.0,3400278.0,3600491.0,3630570.0,3726366.0,3865979.0,4321770.0,4712221.0,5406541.0,6006817.0,6270376.0,5702489.0,5631126.0
102,Sorghum,56928109.0,59941104.0,54697666.0,71363308.0,59799557.0,61339326.0,59988101.0,55763733.0,59740203.0,53398160.0,58799856.0,58027562.0,59499524.0,57652638.0,62707517.0,66309647.0,56630180.0,60080873.0,56704580.0,57228838.0,61784932.0,68153420.0,65912242.0,63620634.0
103,Soybeans,115245084.0,136356259.0,126923581.0,130193238.0,144326264.0,160128822.0,157815480.0,161308383.0,177020642.0,180950735.0,190573530.0,205547735.0,214542363.0,221558021.0,219792675.0,231148285.0,223267610.0,264941730.0,261436302.0,241184791.0,277533671.0,306206898.0,323195670.0,335508756.0
104,Spinach,5131207.0,5985041.0,6200736.0,7141170.0,7297337.0,7408679.0,7640506.0,9521068.0,10150446.0,11439535.0,12538274.0,13351690.0,14195920.0,14951583.0,16124463.0,18861386.0,19786314.0,20332847.0,21180801.0,22137730.0,23271157.0,24267383.0,25743740.0,26779355.0
105,Strawberries,3190882.0,3386076.0,3575754.0,3588896.0,3661320.0,3863547.0,4284699.0,4458234.0,4458859.0,4608603.0,5034259.0,5483329.0,5722278.0,5798198.0,5832008.0,5987691.0,6584100.0,6559490.0,6719916.0,7373083.0,7872033.0,8145957.0,8757312.0,9051738.0
106,Sugar beet,282135474.0,254399584.0,264450267.0,264382957.0,267901591.0,262974378.0,260498283.0,250091955.0,230276950.0,259563162.0,232695345.0,251537180.0,253679613.0,254000176.0,246937751.0,221191239.0,227977970.0,228399810.0,278822992.0,269628739.0,247796429.0,270396945.0,241076528.0,276942287.0
107,Sunflower seed,20185485.0,22003222.0,26380412.0,24931352.0,23427169.0,25173344.0,29263057.0,26491752.0,20539714.0,24536768.0,27566990.0,26112183.0,30731624.0,31768261.0,26464463.0,36271114.0,32802512.0,31421946.0,40107060.0,36577847.0,45281124.0,42555347.0,44295722.0,47484205.0
108,Sweet potatoes,131542477.0,125484985.0,135995180.0,141994108.0,121312947.0,134815779.0,147206799.0,139692883.0,136117207.0,136717985.0,130911846.0,130793627.0,127848249.0,106697124.0,101271904.0,103255226.0,103135862.0,102449544.0,105542381.0,102065769.0,103691606.0,104745725.0,103999430.0,107071560.0
109,"Tangerines, mandarins, clementines, satsumas",14502206.0,15020907.0,16104201.0,15824597.0,19055326.0,17621631.0,20068404.0,18346174.0,20905334.0,21257373.0,21976044.0,23456004.0,23994413.0,25939171.0,20423887.0,21363862.0,22360948.0,23958864.0,27304757.0,27768280.0,28842801.0,30911158.0,33210723.0,32477614.0
110,Tea,2880564.0,2887674.0,2862766.0,2957706.0,3063491.0,3259674.0,3355901.0,3231082.0,3358453.0,3417524.0,3485121.0,3620928.0,3873995.0,3851695.0,4172871.0,4266571.0,4311757.0,4621941.0,4839700.0,5042471.0,5328737.0,5510384.0,5810098.0,5913955.0
111,"Tobacco, unmanufactured",8315450.0,6431799.0,6253932.0,7377753.0,8920757.0,6847598.0,6941053.0,6664057.0,6081803.0,6387317.0,5976683.0,6536579.0,6693076.0,6516885.0,6143182.0,6630046.0,7118065.0,6914361.0,7454336.0,7566301.0,7578569.0,7277417.0,6814117.0,6373324.0
112,Tomatoes,76927780.0,82218260.0,86175968.0,92412218.0,88994450.0,94804757.0,108642140.0,108929255.0,106412726.0,115459498.0,117915261.0,126709441.0,128034689.0,130102563.0,136833488.0,141318943.0,154961993.0,152985412.0,159151990.0,162823492.0,164916003.0,174477469.0,177101779.0,179120105.0
113,Triticale,4977871.0,4759505.0,6193394.0,7448245.0,7933639.0,8774996.0,8311402.0,9111401.0,10825340.0,11962946.0,10518879.0,14240283.0,13312835.0,11791219.0,12123316.0,14240338.0,15664683.0,13740393.0,13556979.0,13651751.0,14463664.0,16953501.0,16910776.0,15563899.0
114,Vanilla,4235.0,3569.0,3889.0,4116.0,4007.0,4574.0,4342.0,3988.0,4739.0,5309.0,4827.0,5841.0,7499.0,9060.0,9348.0,9323.0,9198.0,8287.0,8634.0,8085.0,7632.0,7167.0,7266.0,7931.0
115,"Vegetables, fresh nes",155425142.0,161028508.0,165824540.0,171887281.0,175543632.0,178496677.0,188043840.0,211586881.0,227164154.0,226674992.0,237161637.0,224300899.0,231746512.0,241852334.0,244580397.0,249271518.0,248551227.0,259715130.0,260791617.0,271993287.0,277924546.0,284628359.0,286776147.0,289638150.0
116,Vetches,1061852.0,1046312.0,1005441.0,1269632.0,1330633.0,926912.0,889136.0,1022716.0,1100891.0,1096875.0,1132610.0,1138582.0,976589.0,1169873.0,928071.0,918943.0,767928.0,701812.0,875480.0,868301.0,864909.0,826324.0,901878.0,892634.0
117,"Walnuts, with shell",1092433.0,1041183.0,1055073.0,1075017.0,1120857.0,1177007.0,1239590.0,1267936.0,1312139.0,1400313.0,1577035.0,1554183.0,1799627.0,1848220.0,1978766.0,2237092.0,2470135.0,2761597.0,3193027.0,3653862.0,3023552.0,3407478.0,3600928.0,3758427.0
118,Watermelons,38157501.0,38273019.0,41497717.0,47513028.0,59717712.0,61140387.0,73106635.0,76546859.0,83313461.0,90290468.0,88418925.0,88072658.0,91024239.0,94266459.0,93854579.0,94433411.0,98448462.0,101061390.0,102266539.0,105108676.0,107929946.0,111078843.0,113682574.0,117340779.0
119,Wheat,564489212.0,525079897.0,543934602.0,578316157.0,614329410.0,595802370.0,584432754.0,584646017.0,587972521.0,591659491.0,549824221.0,634469425.0,626563706.0,614202943.0,606422403.0,680629228.0,683824717.0,639997485.0,697338411.0,672451531.0,710644917.0,725970164.0,751633629.0,748668940.0
