,Item,1993,1994,1995,1996,1997,1998,1999,2000,2001,2002,2003,2004,2005,2006,2007,2008,2009,2010,2011,2012,2013,2014,2015,2016
0,"Almonds, with shell",30029.0,39871.0,33067.0,36343.0,44447.0,43005.0,42070.0,77599.0,101089.0,93403.0,109005.0,116873.0,148736.0,105668.0,132078.0,162155.0,228363.0,252181.0,309744.0,387371.0,380545.0,316818.0,322921.0,363630.0
1,"Anise, badian, fennel, coriander",161062.0,170992.0,153239.0,186000.0,213767.0,226894.0,203484.0,228412.0,231311.0,281976.0,272467.0,276261.0,291238.0,449645.0,498882.0,353814.0,320150.0,321429.0,333206.0,354979.0,440602.0,477599.0,456557.0,528492.0
2,Apples,3989272.0,4239631.0,4660874.0,4666720.0,4812733.0,4791755.0,4895829.0,5712023.0,5760949.0,6124638.0,6695960.0,6894472.0,7432141.0,7628579.0,8460883.0,8196815.0,8347831.0,9001016.0,8688359.0,8821653.0,9175588.0,9465915.0,10939862.0,10013757.0
3,Apricots,117721.0,163958.0,131156.0,169289.0,227618.0,176007.0,196755.0,200979.0,186703.0,215406.0,183916.0,194552.0,241812.0,281496.0,208690.0,269517.0,320789.0,288340.0,293052.0,401321.0,387848.0,346405.0,357095.0,349305.0
4,Areca nuts,48183.0,50740.0,48561.0,47487.0,52911.0,73243.0,67474.0,94131.0,91538.0,95075.0,95252.0,178715.0,174903.0,219564.0,222236.0,225497.0,337079.0,332993.0,195703.0,295150.0,378774.0,378276.0,388052.0,298529.0
5,Artichokes,52866.0,59648.0,57192.0,55184.0,51292.0,58286.0,54134.0,65890.0,63343.0,55023.0,49898.0,78925.0,67972.0,76415.0,41811.0,47737.0,58104.0,46036.0,42956.0,55767.0,70753.0,58814.0,52346.0,45494.0
6,Asparagus,147689.0,157108.0,156524.0,156208.0,169876.0,178606.0,204011.0,213898.0,227361.0,244745.0,253128.0,242208.0,277330.0,276572.0,296812.0,331553.0,338742.0,362519.0,374935.0,410619.0,385323.0,440809.0,396539.0,436586.0
7,Avocados,171381.0,219619.0,252874.0,259770.0,276089.0,337614.0,321707.0,450273.0,397808.0,485128.0,481259.0,583940.0,761027.0,680630.0,864078.0,843805.0,990613.0,989153.0,1034646.0,1247315.0,1410551.0,1685826.0,1945262.0,2175377.0
8,Bambara beans,0.0,0.0,0.0,0.0,0.0,0.0,0.0,0.0,0.0,0.0,0.0,0.0,0.0,0.0,0.0,0.0,0.0,0.0,0.0,3948.0,2315.0,3044.0,2690.0,4370.0
9,Bananas,11491477.0,12925546.0,13168092.0,13901958.0,14303284.0,14497242.0,14421834.0,17246129.0,16613545.0,17603816.0,18741975.0,19198038.0,19815934.0,19858649.0,21590503.0,21644284.0,21518613.0,21546971.0,22286296.0,21848337.0,23097724.0,23880194.0,23001911.0,23452434.0
10,Barley,16056615.0,19454445.0,16479574.0,17646885.0,17159010.0,17854631.0,20975843.0,26592464.0,23529086.0,25781246.0,24508405.0,23892769.0,27565881.0,26988802.0,28076649.0,29251954.0,27748675.0,29098693.0,28281362.0,30918574.0,33171552.0,36799654.0,40968494.0,37406115.0
11,"Beans, dry",1693585.0,2351757.0,2258015.0,1979868.0,2103955.0,2208210.0,2279649.0,2173832.0,2545116.0,2944192.0,3295596.0,2809836.0,2783346.0,3210526.0,3427021.0,3733279.0,4118546.0,3557762.0,3793720.0,3939436.0,3861344.0,3812631.0,3844728.0,4175471.0
12,"Beans, green",181588.0,177685.0,212841.0,207018.0,230742.0,227908.0,261454.0,347702.0,361769.0,395372.0,431857.0,523756.0,560519.0,509839.0,597410.0,632754.0,557989.0,599982.0,545795.0,600293.0,683869.0,664917.0,623068.0,690933.0
13,Blueberries,22519.0,24329.0,19157.0,19889.0,17214.0,18252.0,31455.0,49656.0,51443.0,53145.0,58008.0,64454.0,73131.0,77653.0,88442.0,110948.0,127143.0,152847.0,172723.0,189530.0,209757.0,222368.0,249537.0,294545.0
14,"Broad beans, horse beans, dry",652531.0,825330.0,640056.0,478329.0,439141.0,410220.0,709648.0,605640.0,622371.0,766941.0,738835.0,771460.0,747269.0,909417.0,659818.0,564714.0,695318.0,744295.0,805964.0,824635.0,850717.0,831105.0,958757.0,999494.0
15,Buckwheat,181803.0,170028.0,160513.0,237001.0,180277.0,192368.0,171058.0,232463.0,238187.0,166842.0,235998.0,199419.0,152288.0,170260.0,173576.0,164411.0,167151.0,161697.0,153640.0,153797.0,166959.0,201285.0,244468.0,236324.0
16,Cabbages and other brassicas,950387.0,1032220.0,956212.0,1045963.0,1036255.0,1211890.0,1357152.0,1428995.0,1453780.0,1404766.0,1496286.0,1543993.0,1703353.0,1792156.0,2024494.0,2213107.0,2057556.0,2387265.0,2616273.0,2623417.0,2809319.0,3114275.0,3339897.0,3270950.0
17,Canary seed,177599.0,211698.0,207409.0,194294.0,218297.0,308379.0,223048.0,258077.0,265346.0,238467.0,249253.0,241936.0,247045.0,252070.0,240044.0,236505.0,213174.0,235619.0,248959.0,210731.0,252663.0,239464.0,212287.0,211828.0
18,Carrots and turnips,673176.0,738749.0,836874.0,850810.0,812281.0,891497.0,992197.0,1470024.0,1618783.0,1645881.0,1761657.0,1745970.0,1912081.0,2148634.0,2200476.0,2325856.0,2348295.0,2488089.0,2659716.0,2610711.0,2780113.0,2725534.0,2929516.0,3011171.0
19,"Cashew nuts, with shell",73279.0,278768.0,271124.0,75663.0,183225.0,204646.0,412308.0,357218.0,318588.0,469253.0,501524.0,561623.0,600455.0,639776.0,694831.0,772721.0,962607.0,787025.0,1089167.0,1152848.0,1336909.0,1362201.0,1547779.0,1617925.0
20,Cashewapple,0.0,0.0,0.0,0.0,0.0,0.0,0.0,0.0,0.0,0.0,0.0,0.0,0.0,0.0,0.0,0.0,0.0,0.0,0.0,0.0,0.0,0.0,255.0,0.0
21,Cassava,0.0,0.0,0.0,0.0,0.0,0.0,0.0,0.0,0.0,553.0,0.0,0.0,0.0,0.0,0.0,0.0,0.0,0.0,0.0,0.0,0.0,0.0,0.0,0.0
22,Cauliflowers and broccoli,502334.0,610938.0,615803.0,705605.0,754010.0,819106.0,831494.0,869661.0,891371.0,912628.0,916208.0,985360.0,1034801.0,1082976.0,1174393.0,1044899.0,1045077.0,1164005.0,1311397.0,1357977.0,1378482.0,1428301.0,1458992.0,1516298.0
23,Cherries,92507.0,108712.0,103545.0,110749.0,123681.0,119337.0,169291.0,166812.0,174748.0,184826.0,240766.0,255823.0,272778.0,328539.0,310762.0,325245.0,392434.0,412453.0,456376.0,487710.0,453003.0,545313.0,648826.0,695977.0
24,"Cherries, sour",36324.0,35635.0,40642.0,52077.0,47950.0,53334.0,45617.0,57234.0,58833.0,42768.0,47212.0,52833.0,30642.0,59464.0,48856.0,65861.0,53955.0,40013.0,51084.0,67365.0,87415.0,87838.0,124885.0,93292.0
25,Chestnut,111365.0,112756.0,106073.0,113848.0,97959.0,114683.0,104370.0,110036.0,107021.0,116085.0,116815.0,123186.0,111884.0,125249.0,117083.0,118060.0,117063.0,113233.0,107472.0,118600.0,141333.0,145128.0,140902.0,136078.0
26,Chick peas,648164.0,453602.0,386117.0,663918.0,1015864.0,696239.0,586175.0,892435.0,1337381.0,992921.0,1035558.0,876556.0,1040832.0,1019815.0,1039448.0,1106824.0,1273320.0,1326287.0,1309823.0,2010176.0,1991162.0,1962120.0,2755693.0,2612596.0
27,"Chillies and peppers, dry",250630.0,239023.0,277554.0,239681.0,246166.0,304576.0,315401.0,325713.0,400010.0,461512.0,469294.0,557363.0,552121.0,584693.0,647787.0,608336.0,647244.0,657970.0,643894.0,743275.0,668657.0,716111.0,781329.0,776823.0
28,"Chillies and peppers, green",882363.0,967412.0,1078010.0,1138964.0,1208333.0,1335404.0,1433384.0,1492265.0,1604227.0,1782270.0,1884196.0,1970728.0,2182778.0,2271774.0,2354973.0,2584337.0,2763119.0,2922170.0,3053872.0,3212965.0,3284647.0,3738196.0,3574375.0,3712269.0
29,Cloves,42978.0,48596.0,43263.0,34052.0,48290.0,96478.0,53301.0,61255.0,70671.0,54272.0,79971.0,66679.0,58331.0,52821.0,65411.0,48759.0,65624.0,46409.0,76132.0,65224.0,48459.0,67967.0,61826.0,78022.0
30,"Cocoa, beans",1945486.0,1881577.0,1913174.0,2247644.0,2208151.0,2363070.0,2628467.0,2816970.0,2762280.0,2755127.0,3180165.0,3150282.0,3450435.0,3493254.0,3499714.0,3358024.0,3407416.0,3239301.0,3599271.0,3467244.0,3391995.0,3530872.0,3450826.0,3829486.0
31,Coconuts,167194.0,195729.0,178940.0,199367.0,221637.0,269059.0,212347.0,260507.0,241400.0,295718.0,303624.0,312518.0,370364.0,430614.0,418141.0,404171.0,454441.0,512654.0,767681.0,613852.0,760155.0,977266.0,1036413.0,1179823.0
32,"Coffee, green",4829868.0,4796502.0,4498184.0,5116161.0,4961195.0,5151833.0,5303380.0,6022961.0,5796769.0,6051038.0,5806790.0,6217799.0,6112443.0,6447529.0,6592858.0,6848557.0,6663180.0,6930698.0,7171608.0,7447015.0,7504088.0,7614224.0,7690343.0,7914821.0
33,Cotton lint,4723954.0,5612562.0,5642441.0,5841237.0,5603637.0,6042151.0,5236630.0,6461559.0,6409298.0,6425100.0,7114537.0,8099788.0,9484098.0,9930142.0,9351801.0,7872639.0,7297609.0,8465756.0,8820471.0,10626847.0,10368706.0,8543126.0,8753636.0,7416910.0
34,Cottonseed,736818.0,872877.0,766716.0,748372.0,948447.0,1167489.0,1229283.0,1534956.0,1538347.0,1522522.0,1099260.0,1239584.0,1418800.0,1393609.0,1152407.0,903638.0,765589.0,880118.0,1172787.0,1577348.0,1333148.0,1222718.0,990383.0,1075951.0
35,Cranberries,25215.0,32961.0,34793.0,34191.0,38400.0,44070.0,42404.0,41321.0,48403.0,60520.0,68815.0,70872.0,74203.0,86196.0,99087.0,117736.0,127473.0,142558.0,172712.0,191781.0,212438.0,189510.0,206836.0,243789.0
36,Cucumbers and gherkins,1137214.0,1336800.0,1277754.0,1317822.0,1397848.0,1414979.0,1449160.0,1461059.0,1557446.0,1638954.0,1727194.0,1797740.0,1872005.0,1999738.0,2108721.0,2439583.0,2296346.0,2578968.0,2538656.0,2553343.0,2643011.0,2989884.0,2865636.0,3175839.0
37,Currants,17859.0,23590.0,29599.0,26307.0,19900.0,27175.0,31631.0,41905.0,34078.0,26264.0,31038.0,31639.0,24152.0,19841.0,17917.0,23473.0,23482.0,22332.0,25160.0,23841.0,24797.0,20568.0,19539.0,23501.0
38,Dates,219307.0,257151.0,226172.0,385181.0,373380.0,527933.0,508986.0,486020.0,601094.0,835303.0,830616.0,662695.0,1054073.0,682357.0,1094261.0,1045795.0,696033.0,679066.0,705723.0,821948.0,893716.0,1590527.0,1424576.0,1489079.0
39,Eggplants (aubergines),139598.0,150584.0,165062.0,150680.0,183226.0,224275.0,232244.0,260624.0,266429.0,285956.0,313871.0,379590.0,343868.0,360326.0,407999.0,434217.0,457659.0,505445.0,460699.0,478031.0,485786.0,608236.0,553124.0,628656.0
40,Fibre crops nes,38842.0,47856.0,59520.0,80423.0,73880.0,76410.0,71233.0,59320.0,62505.0,37251.0,40884.0,38158.0,45554.0,70013.0,218082.0,456964.0,590123.0,710495.0,969371.0,646724.0,963946.0,1060000.0,1078871.0,1255470.0
41,Figs,14587.0,16048.0,16647.0,17854.0,22196.0,21036.0,26462.0,32352.0,34275.0,37575.0,40179.0,44304.0,41395.0,38715.0,34528.0,40187.0,45860.0,41251.0,48917.0,47111.0,59667.0,66681.0,59108.0,63418.0
42,Flax fibre and tow,50149.0,80144.0,47612.0,45672.0,52327.0,53198.0,73652.0,190638.0,153679.0,183628.0,239266.0,290162.0,254004.0,269976.0,221662.0,142166.0,190139.0,251596.0,216814.0,194635.0,245844.0,289589.0,296844.0,271549.0
43,Fonio,0.0,0.0,0.0,0.0,0.0,0.0,0.0,0.0,0.0,0.0,0.0,0.0,0.0,0.0,0.0,0.0,0.0,0.0,0.0,4521.0,2375.0,3153.0,679.0,402.0
44,"Fruit, fresh nes",477748.0,551765.0,521857.0,690030.0,636494.0,574972.0,789384.0,1025430.0,1065506.0,1043145.0,990722.0,1105660.0,1308596.0,1412683.0,1590599.0,1765476.0,2225043.0,2333125.0,2853529.0,2824434.0,2856956.0,2867769.0,3251310.0,2921144.0
45,"Fruit, tropical fresh nes",163465.0,156407.0,128974.0,219726.0,158841.0,204351.0,220731.0,227181.0,299615.0,507438.0,607458.0,672812.0,671568.0,622371.0,750835.0,814603.0,1230144.0,1090408.0,1150351.0,1314316.0,1402654.0,1392490.0,1352583.0,1351756.0
46,Garlic,656555.0,614239.0,654066.0,785385.0,632995.0,953487.0,1638069.0,934851.0,1057914.0,1502009.0,1604672.0,1568457.0,1635215.0,1661283.0,1953612.0,2102934.0,1987020.0,1803023.0,2042488.0,1834396.0,2037526.0,2211318.0,2215001.0,2071964.0
47,Ginger,171659.0,186090.0,241610.0,212639.0,228763.0,216963.0,248130.0,286891.0,294766.0,332309.0,372457.0,349059.0,415108.0,430392.0,467884.0,488018.0,548539.0,506262.0,595101.0,715268.0,690331.0,612592.0,747101.0,851544.0
48,Gooseberries,3728.0,4491.0,2774.0,23148.0,3413.0,5573.0,5729.0,4192.0,3727.0,4317.0,4465.0,4004.0,801.0,1871.0,443.0,437.0,425.0,611.0,540.0,1232.0,1709.0,2287.0,1982.0,2275.0
49,"Grain, mixed",12200.0,9075.0,10336.0,17534.0,26213.0,23342.0,11721.0,36169.0,49654.0,49053.0,37197.0,43341.0,52289.0,66701.0,75324.0,123148.0,101869.0,105602.0,53561.0,190.0,84.0,62648.0,54474.0,72756.0
50,Grapefruit (inc. pomelos),856658.0,1022145.0,1016202.0,1023112.0,1112016.0,1002258.0,1032007.0,1207493.0,1134185.0,1261051.0,1230065.0,1269390.0,1526094.0,1302209.0,1532250.0,1323678.0,1399890.0,1329758.0,1273503.0,1269287.0,1328122.0,1272444.0,1235862.0,1216615.0
51,Grapes,1910860.0,2049937.0,1868962.0,2118022.0,2274088.0,2429575.0,2484357.0,3024076.0,3065855.0,3009270.0,3545522.0,3558118.0,3880094.0,3864066.0,4142003.0,4409763.0,4430421.0,4313549.0,4444292.0,4538973.0,4677666.0,4654294.0,4903277.0,4901516.0
52,"Hazelnuts, with shell",19676.0,18489.0,20483.0,19589.0,27932.0,25445.0,21722.0,34066.0,39844.0,45723.0,37718.0,32219.0,36086.0,36554.0,51167.0,50249.0,55799.0,58629.0,54942.0,68857.0,62597.0,62565.0,53804.0,38896.0
53,Hops,46920.0,54483.0,52871.0,48570.0,44768.0,43952.0,46618.0,52138.0,45753.0,53961.0,45956.0,44329.0,47488.0,46090.0,53458.0,60199.0,50181.0,48454.0,45833.0,50295.0,50330.0,50972.0,52151.0,57503.0
54,Jute,270709.0,230790.0,272715.0,225294.0,380773.0,571342.0,300523.0,298652.0,299149.0,354254.0,389471.0,314412.0,417403.0,494165.0,748301.0,465090.0,450342.0,417586.0,500926.0,515575.0,358771.0,288483.0,304634.0,321275.0
55,Kapokseed in shell,351.0,1356.0,1557.0,815.0,484.0,114.0,69.0,0.0,1.0,1.0,0.0,231.0,237.0,385.0,131.0,0.0,0.0,0.0,0.0,0.0,0.0,0.0,0.0,0.0
56,Karite nuts (sheanuts),10469.0,45423.0,27852.0,35988.0,27671.0,43446.0,47323.0,87833.0,72253.0,55517.0,104833.0,50636.0,6355.0,2.0,14740.0,44561.0,53669.0,92724.0,101588.0,1965.0,5408.0,4170.0,4888.0,8503.0
57,Kiwi fruit,618601.0,507515.0,525193.0,614496.0,646212.0,623651.0,603397.0,871413.0,914936.0,825473.0,885548.0,1007710.0,1124393.0,1158493.0,1266547.0,1296227.0,1385632.0,1470460.0,1432658.0,1518729.0,1428754.0,1404689.0,1634951.0,1881508.0
58,Kola nuts,1228.0,22464.0,18143.0,22803.0,37411.0,34740.0,43259.0,23993.0,14470.0,1089.0,13309.0,23367.0,732.0,803.0,17036.0,9808.0,17593.0,19982.0,24196.0,13996.0,11619.0,22357.0,25709.0,33924.0
59,"Leeks, other alliaceous vegetables",142583.0,153186.0,169476.0,193936.0,152209.0,179943.0,194808.0,278728.0,295567.0,330539.0,342908.0,316538.0,339961.0,333976.0,319677.0,302479.0,301878.0,340349.0,359556.0,345017.0,380932.0,367511.0,406730.0,386234.0
60,Lemons and limes,1116471.0,1273201.0,1229054.0,1252133.0,1418168.0,1511455.0,1555182.0,1716680.0,1770471.0,1940131.0,2070096.0,2205076.0,2302247.0,2333387.0,2521897.0,2636518.0,2731307.0,2650715.0,2711446.0,2909597.0,2918664.0,3006053.0,3321451.0,3403859.0
61,Lentils,673659.0,879032.0,761363.0,803994.0,822213.0,928732.0,971625.0,1200098.0,1242419.0,1154406.0,1165539.0,1144119.0,1559442.0,1659030.0,1801895.0,1471209.0,1901132.0,2065342.0,2019293.0,2171879.0,2765237.0,3222392.0,3710896.0,3434718.0
62,Lettuce and chicory,1017807.0,1017068.0,1031399.0,1050235.0,1142869.0,1198306.0,1277115.0,1484639.0,1547976.0,1652687.0,1671801.0,1764102.0,1787169.0,1862703.0,1894103.0,1950421.0,1950775.0,2011799.0,2066414.0,2209316.0,2339757.0,2438033.0,2436686.0,2536359.0
63,Linseed,506383.0,682823.0,814662.0,712753.0,707177.0,773813.0,634477.0,1144229.0,1181703.0,1147792.0,1196623.0,1083511.0,1085695.0,1058531.0,1475300.0,1175239.0,1206073.0,1350499.0,1198113.0,1584108.0,1427625.0,1803635.0,1821861.0,2188474.0
64,Maize,68495131.0,65938061.0,77980755.0,71543027.0,74075793.0,77399830.0,80675058.0,87217106.0,89289764.0,93648763.0,98010467.0,89803571.0,96054533.0,101946394.0,116897439.0,109732776.0,107899332.0,118326832.0,118759897.0,131229989.0,133922416.0,157203488.0,158662764.0,167935382.0
65,"Maize, green",50220.0,56435.0,85159.0,75401.0,138140.0,139545.0,136045.0,148884.0,156780.0,162084.0,191192.0,198447.0,232556.0,222913.0,223867.0,246412.0,237048.0,273066.0,297956.0,271091.0,257306.0,265312.0,286605.0,294834.0
66,"Mangoes, mangosteens, guavas",300843.0,326724.0,371384.0,413139.0,494067.0,572063.0,608906.0,714779.0,741804.0,780318.0,1009527.0,1033042.0,1052164.0,1192316.0,1283202.0,1305595.0,1328817.0,1465737.0,1541971.0,1609457.0,1798307.0,1857112.0,1831062.0,1946738.0
67,Manila fibre (abaca),28739.0,38272.0,33968.0,33276.0,35345.0,33340.0,35386.0,41251.0,33600.0,30228.0,30525.0,37714.0,28273.0,31194.0,43160.0,24591.0,24428.0,18709.0,17441.0,14687.0,10552.0,17638.0,21594.0,20728.0
68,Mat√©,45939.0,49100.0,70199.0,68379.0,73216.0,67025.0,60797.0,70380.0,69803.0,76740.0,73920.0,70247.0,66231.0,67646.0,71496.0,74320.0,73203.0,77306.0,75781.0,74648.0,78547.0,73008.0,77544.0,68240.0
69,"Melons, other (inc.cantaloupes)",967951.0,1085749.0,1174560.0,1331290.0,1581639.0,1808783.0,1897582.0,1846972.0,1894316.0,1941395.0,2142773.0,2103010.0,2298299.0,2401489.0,2587823.0,2415883.0,2358950.0,2410893.0,2311489.0,2388641.0,2368407.0,2561605.0,2479391.0,2680952.0
70,Millet,424346.0,320266.0,228623.0,223142.0,298051.0,256530.0,258725.0,305059.0,325642.0,299686.0,337938.0,403316.0,417539.0,346776.0,452134.0,523055.0,368106.0,447140.0,457232.0,452032.0,420592.0,461909.0,476959.0,463981.0
71,Mushrooms and truffles,151309.0,179247.0,174191.0,193247.0,212098.0,252734.0,268550.0,345817.0,393493.0,385248.0,438347.0,473007.0,516573.0,538866.0,570759.0,633566.0,618533.0,664352.0,657752.0,664728.0,714144.0,736300.0,846397.0,763193.0
72,Mustard seed,226178.0,241851.0,228290.0,246198.0,221994.0,306926.0,223189.0,312613.0,281603.0,296312.0,342238.0,336595.0,384627.0,360140.0,373213.0,350186.0,270194.0,313471.0,346362.0,308142.0,300940.0,341950.0,367137.0,334954.0
73,"Nutmeg, mace and cardamoms",51593.0,43593.0,49181.0,57243.0,59501.0,58398.0,57533.0,61673.0,57741.0,68721.0,75493.0,83737.0,82188.0,76286.0,82346.0,60896.0,68839.0,71719.0,75993.0,90414.0,93018.0,99389.0,100932.0,94543.0
74,Oats,2419518.0,2478111.0,2427155.0,2402504.0,2782565.0,2614722.0,2571851.0,2887586.0,3022026.0,2500985.0,2676437.0,2753350.0,2928591.0,3111369.0,3111257.0,3568496.0,2888554.0,2874359.0,3077259.0,3133095.0,2941096.0,3514852.0,3654215.0,3424178.0
75,"Oil, palm",9399348.0,11418431.0,10621548.0,11431108.0,9851772.0,11831957.0,14262120.0,15721688.0,18922654.0,20551947.0,23595824.0,26157012.0,29435931.0,33374842.0,32302602.0,36946558.0,39066038.0,40409632.0,41234479.0,43661115.0,46847891.0,47852209.0,52695324.0,46381515.0
76,Oilseeds nes,129904.0,144513.0,159429.0,157614.0,150355.0,197511.0,166431.0,189432.0,244081.0,286782.0,290959.0,505365.0,402806.0,473586.0,538514.0,596131.0,608292.0,655093.0,885228.0,799118.0,928639.0,989202.0,694376.0,728528.0
77,Olives,14171.0,15883.0,26433.0,19019.0,22513.0,43332.0,22357.0,21650.0,32890.0,29008.0,19219.0,23602.0,27116.0,32769.0,33368.0,36312.0,64227.0,49066.0,76777.0,52188.0,95059.0,61442.0,77833.0,88823.0
78,"Onions, dry",2604973.0,3140372.0,3009927.0,3265057.0,2982262.0,3950406.0,3499310.0,3943463.0,4354683.0,4863669.0,5776017.0,5794723.0,5808895.0,6563499.0,6421130.0,6860839.0,6959389.0,7648589.0,7414951.0,7254789.0,8032685.0,7916162.0,8020569.0,8148601.0
79,"Onions, shallots, green",513982.0,596112.0,639662.0,642057.0,628677.0,803375.0,919929.0,520551.0,454507.0,463721.0,576913.0,603231.0,696418.0,635818.0,856091.0,751113.0,911454.0,859344.0,626258.0,689136.0,783405.0,791548.0,794548.0,723322.0
80,Oranges,4195992.0,4641250.0,4076705.0,4120898.0,4367634.0,4834922.0,4217603.0,5086716.0,5362090.0,5515158.0,5940884.0,5980694.0,6302286.0,6383746.0,6422611.0,6138740.0,6725588.0,7003608.0,7291658.0,7384727.0,7770743.0,7230266.0,7919543.0,7571693.0
81,Papayas,78850.0,86236.0,104886.0,125597.0,119641.0,124247.0,172236.0,186703.0,258183.0,228130.0,293514.0,298345.0,283874.0,291383.0,300420.0,278288.0,306938.0,297708.0,293489.0,303930.0,316536.0,330327.0,368291.0,387096.0
82,Peaches and nectarines,804711.0,1057818.0,857973.0,983799.0,911274.0,908545.0,1177214.0,1255204.0,1360523.0,1410630.0,1303834.0,1338390.0,1581244.0,1620209.0,1590094.0,1779526.0,1784063.0,1914103.0,1966617.0,2131495.0,2087260.0,2241257.0,2781047.0,2459039.0
83,Pears,1131476.0,1305802.0,1281491.0,1346124.0,1574914.0,1494111.0,1539721.0,1757865.0,1926817.0,1920018.0,2066728.0,2189682.0,2497237.0,2395694.0,2654652.0,2671477.0,2616383.0,2838539.0,2921642.0,2921386.0,2775521.0,3095001.0,3355405.0,3124059.0
84,"Peas, dry",2648497.0,2668393.0,3228406.0,2476272.0,2475749.0,2952845.0,3349224.0,3816080.0,3993558.0,3344137.0,2828479.0,3588619.0,4495407.0,4810285.0,4466524.0,3707591.0,4520006.0,4770963.0,5253567.0,4643306.0,5075935.0,5719549.0,5877387.0,7191338.0
85,"Peas, green",122281.0,107897.0,109991.0,113811.0,127923.0,173614.0,165563.0,254624.0,293794.0,364745.0,302341.0,296320.0,270703.0,266633.0,242915.0,270352.0,328846.0,287513.0,298615.0,370756.0,430690.0,383544.0,368916.0,357412.0
86,Pepper (piper spp.),229618.0,256278.0,246415.0,257597.0,275976.0,255782.0,299267.0,309345.0,308888.0,361908.0,344316.0,328840.0,328077.0,355214.0,345572.0,352367.0,345957.0,367035.0,354241.0,367751.0,413394.0,447384.0,468818.0,435795.0
87,Persimmons,2617.0,3661.0,2263.0,1446.0,5938.0,3297.0,8369.0,14224.0,14366.0,15764.0,16369.0,17156.0,1649.0,22497.0,18161.0,2467.0,1804.0,1779.0,2382.0,540087.0,720482.0,440862.0,524123.0,534718.0
88,Pineapples,675968.0,736850.0,725298.0,775703.0,912008.0,927170.0,1065428.0,1262023.0,1480067.0,1685091.0,1897558.0,2151086.0,2522759.0,2851136.0,3181690.0,3326468.0,3258209.0,3333846.0,3568175.0,3770957.0,3791140.0,3900724.0,3542949.0,3958574.0
89,Pistachios,141864.0,170325.0,155408.0,172932.0,193728.0,226738.0,219468.0,219947.0,265496.0,296869.0,415222.0,338276.0,324768.0,301660.0,403534.0,433194.0,354831.0,489993.0,379349.0,391315.0,370355.0,480095.0,364968.0,466030.0
90,Plantains and others,234945.0,289929.0,246005.0,280987.0,299039.0,340575.0,368931.0,436923.0,696659.0,517856.0,607662.0,606622.0,614305.0,647503.0,737069.0,740359.0,780452.0,748944.0,797226.0,1249684.0,1231434.0,1361075.0,1515864.0,1372639.0
91,Plums and sloes,256219.0,334068.0,280473.0,357388.0,407975.0,363145.0,432898.0,446130.0,623378.0,575631.0,561355.0,520616.0,585388.0,577478.0,629736.0,666002.0,657861.0,655618.0,717880.0,763058.0,799756.0,715468.0,772968.0,824615.0
92,Poppy seed,42975.0,65572.0,49472.0,54688.0,56184.0,79646.0,99430.0,73913.0,75780.0,84071.0,97264.0,94332.0,101772.0,104822.0,112861.0,94597.0,80278.0,95463.0,106749.0,102747.0,107566.0,96281.0,90464.0,92945.0
93,Potatoes,5875083.0,6545005.0,6172321.0,6167761.0,5743311.0,7164599.0,7007536.0,8864132.0,9167496.0,9324175.0,10236530.0,10083901.0,9971800.0,10812188.0,12127088.0,11494753.0,11683787.0,12558850.0,13851009.0,13244799.0,14490233.0,14065270.0,13427125.0,14640215.0
94,"Pumpkins, squash and gourds",466134.0,512887.0,535451.0,530908.0,626117.0,664099.0,696482.0,748541.0,852404.0,680063.0,720231.0,761420.0,785798.0,823728.0,911606.0,899075.0,917685.0,986306.0,1027932.0,1324727.0,1435639.0,1459867.0,1490497.0,1723160.0
95,"Pyrethrum, dried",1251.0,955.0,2079.0,3436.0,2717.0,1861.0,2284.0,2794.0,2546.0,1754.0,6656.0,7815.0,8126.0,8591.0,5806.0,8068.0,7476.0,8704.0,9044.0,8986.0,7000.0,9369.0,7026.0,8556.0
96,Quinces,7849.0,9191.0,27407.0,26404.0,27588.0,15760.0,19888.0,17454.0,19859.0,21968.0,22136.0,18410.0,21531.0,21819.0,20078.0,24074.0,28583.0,25431.0,27563.0,38898.0,39866.0,44981.0,46613.0,40701.0
97,Quinoa,605.0,1207.0,1595.0,1985.0,2069.0,1554.0,2173.0,1563.0,2291.0,2274.0,3142.0,4128.0,5150.0,8016.0,10714.0,10505.0,14730.0,15364.0,23158.0,47863.0,69774.0,91649.0,95781.0,99976.0
98,Rapeseed,4646275.0,5774638.0,5650472.0,6040722.0,6331719.0,8629565.0,10513170.0,10952714.0,10118960.0,8184505.0,7821205.0,9540197.0,9373248.0,11778343.0,13912410.0,17829416.0,19920033.0,19532732.0,20206614.0,22317496.0,23164366.0,26152921.0,23857592.0,24444010.0
99,"Rubber, natural",481657.0,503404.0,526486.0,668285.0,661724.0,917024.0,869520.0,1100132.0,1030328.0,1242808.0,1275565.0,1384777.0,1310982.0,1446943.0,1497834.0,1431111.0,1446527.0,1383756.0,1252273.0,1319941.0,1470410.0,1627364.0,1468871.0,1653361.0
100,Rye,1736321.0,1204353.0,3443779.0,3083254.0,1101867.0,1273916.0,2633665.0,2500735.0,1642320.0,2225396.0,2342495.0,2089670.0,2416005.0,2141444.0,1458737.0,1154124.0,2049473.0,1543272.0,1120463.0,1713589.0,2040304.0,1898266.0,1635477.0,1079324.0
101,Sesame seed,452750.0,477717.0,520041.0,548697.0,548000.0,511884.0,517908.0,628607.0,704501.0,682719.0,765241.0,829338.0,988988.0,1036846.0,1052624.0,1034562.0,1222559.0,1369228.0,1360876.0,1529301.0,1736200.0,1855715.0,2155505.0,2264784.0
102,Sorghum,7758844.0,7273125.0,6253017.0,6579708.0,6465629.0,7051042.0,7863322.0,8717907.0,7877656.0,7281314.0,6803758.0,6105025.0,5628944.0,5412085.0,8105723.0,8953804.0,6540247.0,6426203.0,6530219.0,6838599.0,7444632.0,9686039.0,13725789.0,9428312.0
103,Soybeans,31088058.0,32737824.0,34184140.0,36076151.0,43340270.0,40432187.0,43880675.0,51485212.0,61228271.0,59762497.0,72942063.0,65551766.0,74367881.0,73214305.0,80440959.0,85448246.0,86840026.0,101807408.0,97685922.0,102659394.0,109940784.0,123081082.0,137070743.0,142010807.0
104,Spinach,51462.0,54009.0,58373.0,59416.0,48793.0,57512.0,68330.0,87898.0,100192.0,113055.0,113140.0,116643.0,117803.0,132339.0,128515.0,136898.0,134641.0,133031.0,144601.0,181557.0,196769.0,224676.0,230127.0,255806.0
105,Strawberries,321718.0,373793.0,405418.0,373864.0,401380.0,439701.0,470437.0,529086.0,523099.0,544915.0,592881.0,634289.0,685052.0,709190.0,726526.0,706032.0,816246.0,928871.0,884966.0,1000158.0,984508.0,1009223.0,1058241.0,1010881.0
106,Sugar beet,305253.0,175459.0,439751.0,207740.0,266961.0,534549.0,281443.0,153562.0,172793.0,236231.0,471057.0,440428.0,1168438.0,831167.0,500405.0,788180.0,1042606.0,1112724.0,1428750.0,1051428.0,776789.0,1081238.0,863918.0,721236.0
107,Sunflower seed,2034405.0,2771025.0,3212228.0,3974768.0,3858299.0,4867572.0,4470598.0,4563860.0,3299655.0,2690335.0,4217974.0,3916685.0,3523714.0,3726576.0,4087038.0,3467708.0,5664773.0,4496678.0,5614700.0,4945976.0,5865008.0,5395036.0,5147062.0,5868584.0
108,Sweet potatoes,430218.0,697299.0,121569.0,69576.0,80146.0,84940.0,91702.0,112329.0,107119.0,122641.0,112936.0,148718.0,172192.0,180718.0,210053.0,214189.0,270464.0,266387.0,305149.0,309216.0,343209.0,424280.0,520801.0,632843.0
109,"Tangerines, mandarins, clementines, satsumas",1979237.0,2163413.0,2031513.0,2240601.0,2521011.0,2449925.0,2426844.0,2766428.0,2577197.0,2873263.0,3053207.0,3240854.0,3577170.0,3713110.0,4069048.0,4184633.0,4508511.0,4795187.0,4972189.0,5314629.0,5276631.0,5468359.0,5290179.0,5496452.0
110,Tea,1221703.0,1083807.0,1140432.0,1239046.0,1362549.0,1626660.0,1452416.0,1581466.0,1588617.0,1703329.0,1673417.0,1731660.0,1843046.0,1681139.0,1886314.0,2010294.0,1918253.0,2103391.0,2123431.0,1881201.0,2209224.0,2057416.0,1935142.0,1934125.0
111,"Tobacco, unmanufactured",1825209.0,1949045.0,1772779.0,2136669.0,2190036.0,2348544.0,2227567.0,2393495.0,2615021.0,2620943.0,2583836.0,3001053.0,2931432.0,2985418.0,3128339.0,3202691.0,3184313.0,3084257.0,3053344.0,3242700.0,3201479.0,3013895.0,2898528.0,3015225.0
112,Tomatoes,2661868.0,2920074.0,3171109.0,3192850.0,3481506.0,3804896.0,3800523.0,4033939.0,4511193.0,4635419.0,4932376.0,5338367.0,5304196.0,6384859.0,7141567.0,6837759.0,7411843.0,7603015.0,7614111.0,7715741.0,8213609.0,8777387.0,8257061.0,8803967.0
113,Triticale,56347.0,59867.0,57602.0,71057.0,158025.0,279527.0,154504.0,130304.0,256311.0,319775.0,479347.0,313520.0,531480.0,435068.0,257368.0,301183.0,715052.0,610800.0,383717.0,596259.0,799358.0,880791.0,1204585.0,910880.0
114,Vanilla,3097.0,3392.0,3817.0,3699.0,5274.0,5419.0,5656.0,5900.0,6511.0,5981.0,8047.0,6495.0,6077.0,5901.0,8975.0,8011.0,7680.0,8030.0,7579.0,9399.0,9475.0,10639.0,10514.0,8725.0
115,"Vegetables, fresh nes",1194788.0,1340897.0,1381587.0,1464398.0,1556875.0,1820089.0,1737537.0,2007441.0,2232817.0,2680132.0,2715945.0,2716357.0,2770822.0,2978393.0,3135856.0,3563616.0,3524387.0,3568744.0,3742643.0,3561522.0,3518848.0,4005969.0,4096432.0,3718338.0
116,Vetches,3121.0,842.0,0.0,0.0,0.0,0.0,0.0,0.0,0.0,0.0,0.0,0.0,0.0,0.0,0.0,0.0,0.0,0.0,0.0,0.0,0.0,49.0,99.0,213.0
117,"Walnuts, with shell",88450.0,111866.0,102740.0,81912.0,85374.0,102388.0,107749.0,128701.0,112567.0,131912.0,129897.0,167833.0,140428.0,154011.0,166368.0,169348.0,253986.0,244631.0,273118.0,283641.0,333377.0,300600.0,313813.0,388327.0
118,Watermelons,1110313.0,1254677.0,1362951.0,1483018.0,1333270.0,1676800.0,1669345.0,1619794.0,1583050.0,1795976.0,1934293.0,2191207.0,2335621.0,2486852.0,2565311.0,2848924.0,2894567.0,3415814.0,2793104.0,3046363.0,3074025.0,4032892.0,3608478.0,4437367.0
119,Wheat,98566530.0,96561209.0,97325352.0,101089581.0,104265375.0,111910242.0,115594731.0,124919376.0,120032635.0,132602943.0,120744026.0,129018606.0,130390358.0,136095028.0,139622011.0,141944382.0,158534782.0,155518975.0,157219437.0,176312889.0,178325555.0,189827132.0,180926053.0,204008533.0
